<Driver Description="Describe the purpose of your CloudShell shell" MainClass="driver.HelmServiceV2Driver" Name="HelmServiceV2Driver" Version="1.0.0" PythonVersion="3">
    <Layout>
        <Command Description="Helm Install" Name="helm_install" DisplayName="Helm Install" Visibility="AdminOnly">
            <Parameters>
                <Parameter DefaultValue="1.0.0-SNAPSHOT" Description="Cloud Controller Version" DisplayName="Cloud Controller Version" Mandatory="True" Name="controller_version" Type="String" />
            </Parameters>
        </Command>
        <Command Description="Helm Uninstall" Name="helm_uninstall" DisplayName="Helm Uninstall" Visibility="AdminOnly"/>
    </Layout>
</Driver>